LSOA11CD,LSOAarea,SUM_service_area,LSOAname,population,per_capita_SA,per_square_meter_SA,location_quotient,Shape_Length,Shape_Area,pop_density
E01008881,396866.9375,564294.9175,Birmingham 067A,1642,343.6631775,1.421874404,1.158503771,3912.34653,396866.9522,4137
E01008882,245892.1719,268858.5906,Birmingham 066A,1769,151.9833679,1.093400359,0.512342751,2891.90592,245892.1681,7194
E01008883,393912.1563,644432.0098,Birmingham 078A,2050,314.3570862,1.635978937,1.059711695,3750.802882,393912.1554,5204
E01008884,698426.0625,798720.0831,Birmingham 078B,2091,381.97995,1.143600106,1.287671447,5451.077346,698426.0858,2994
E01008885,192835.0781,455707.0328,Birmingham 076A,1373,331.9060669,2.363195658,1.118870139,2807.79099,192835.0854,7120
E01008886,452937.9375,814082.2652,Birmingham 076B,1616,503.7637634,1.797337294,1.69821012,3541.263403,452937.9521,3568
E01008887,458409.625,573148.7569,Birmingham 078C,1614,355.1107483,1.250298262,1.197094202,5382.088184,458409.6243,3521
E01008888,224172.5156,473057.2537,Birmingham 076C,1689,280.0812683,2.110237598,0.944166422,2725.100457,224172.5223,7534
E01008889,832788.25,1298426.626,Birmingham 078D,1801,720.9475708,1.559131742,2.430346489,7458.143646,832788.2619,2163
E01008890,308681.9063,448580.7247,Birmingham 089A,1873,239.4985199,1.453213573,0.807360172,3599.940783,308681.9213,6068
E01008891,292856.2188,516678.6996,Birmingham 089B,1655,312.1925659,1.76427424,1.052415013,3521.041741,292856.2147,5651
E01008892,142717.3594,142717.3525,Birmingham 089C,1575,90.61418915,0.99999994,0.305464476,2563.155222,142717.3525,11036
E01008893,286145.7813,459611.1261,Birmingham 089D,1822,252.2563782,1.606213212,0.850367486,3548.158487,286145.7716,6367
E01008894,265569.4688,294777.2297,Birmingham 089E,1474,199.9845581,1.109981656,0.674156845,3850.561988,265569.4724,5550
E01008895,283644.7188,402176.8177,Birmingham 089F,1854,216.9238434,1.417889357,0.731259942,2928.875323,283644.7109,6536
E01008896,203729.9375,217847.0715,Birmingham 066B,1623,134.2249298,1.06929338,0.45247823,2268.60093,203729.9401,7966
E01008897,227995.9844,286099.2104,Birmingham 067B,1855,154.2313843,1.254843235,0.519920826,3418.535297,227995.9801,8136
E01008898,199455.4844,217781.4371,Birmingham 066C,1704,127.8060074,1.091879964,0.430839747,2128.759075,199455.4789,8543
E01008899,897664.4375,889434.8791,Birmingham 037A,1250,711.5479126,0.990832269,2.398659706,7087.178067,897664.4555,1393
E01008901,869784.625,859948.0076,Birmingham 037C,1762,488.0522156,0.988690734,1.64524579,5820.434788,869784.6464,2026
E01008905,127183.2109,317416.811,Birmingham 040A,1729,183.5840454,2.495744705,0.61886996,2083.290124,127183.2085,13595
E01008906,111668.5078,281953.5717,Birmingham 049A,1818,155.0899658,2.524915695,0.522815228,2469.751213,111668.5109,16280
E01008907,166879.375,255295.4567,Birmingham 040B,1649,154.8183441,1.529820323,0.521899521,2168.997662,166879.378,9881
E01008909,228107.0625,405492.1214,Birmingham 041D,1755,231.0496368,1.777639508,0.778878629,3098.078267,228107.062,7694
E01008910,489206.4375,498214.3883,Birmingham 050A,1568,317.7387695,1.018413424,1.07111156,4584.997226,489206.4376,3205
E01008911,236134.0469,203530.8113,Birmingham 049B,1735,117.3088226,0.861929119,0.395453274,3815.590293,236134.051,7348
E01008913,290504.7813,285488.4789,Birmingham 050B,1766,161.6582489,0.982732475,0.544957161,3136.488618,290504.7758,6079
E01008914,670736.0625,150372.2534,Birmingham 050C,3012,49.92438507,0.224189907,0.168297336,4079.684746,670736.0318,4491
E01008915,595160.5625,108582.1013,Birmingham 030A,1631,66.57394409,0.182441697,0.224423721,4725.135588,595160.5526,2740
E01008916,252285.5469,223214.3151,Birmingham 037E,1742,128.1368103,0.884768546,0.431954861,3237.5734,252285.5421,6905
E01008917,356945.3438,688139.8802,Birmingham 102A,1327,518.5681152,1.927857876,1.748116136,3698.197571,356945.3462,3718
E01008918,413619.4688,780417.8461,Birmingham 094A,1733,450.3276672,1.886801481,1.518074632,4779.867327,413619.4802,4190
E01008919,640511.9375,1115129.658,Birmingham 095A,1553,718.0487061,1.740997434,2.420574188,4368.539388,640511.921,2425
E01008920,417638.5313,831970.8916,Birmingham 094B,1335,623.1991577,1.992083669,2.100832224,3889.483017,417638.5291,3197
E01008921,619881.6875,638231.1598,Birmingham 094C,1440,443.216095,1.029601574,1.494101167,4522.539041,619881.7121,2323
E01008923,291846.6563,586193.3204,Birmingham 102B,1398,419.3085327,2.008566141,1.4135077,3783.53032,291846.6631,4790
E01008924,411321.75,832597.8563,Birmingham 101A,1458,571.0547485,2.024200916,1.925051093,4663.597926,411321.7453,3545
E01008925,254454.4375,235764.2866,Birmingham 102C,1247,189.0651855,0.926548123,0.637347162,2364.388955,254454.4445,4901
E01008927,365586.6875,467232.886,Birmingham 102D,1411,331.1359863,1.278035879,1.116274118,3483.208271,365586.6767,3860
E01008928,338765.4688,741363.7471,Birmingham 102E,1481,500.5832214,2.188427687,1.687488317,3297.748084,338765.4683,4372
E01008929,532836.3125,934145.2778,Birmingham 106C,1526,612.1528931,1.753156185,2.06359458,5400.6903,532836.2864,2864
E01008930,1557093.25,1713752.324,Birmingham 106D,1933,886.5764771,1.100609899,2.988688707,5430.659974,1557093.24,1241
E01008931,627848.875,452753.6898,Birmingham 094D,1484,305.0900879,0.721118927,1.028472304,5093.597379,627848.8783,2364
E01008932,376255.5313,638844.3256,Birmingham 111A,1600,399.27771,1.697900176,1.345982909,4018.344488,376255.5338,4252
E01008933,460044.3438,839617.0942,Birmingham 105A,1553,540.6420288,1.825078607,1.822528362,3998.595413,460044.3526,3376
E01008934,261000.7969,336723.4663,Birmingham 105B,1422,236.7956848,1.290124297,0.798248768,3300.687671,261000.7978,5448
E01008935,559699,930044.0756,Birmingham 111B,1734,536.357605,1.661686182,1.808085322,4719.46544,559699.0265,3098
E01008936,339165.8125,435896.4218,Birmingham 111C,1619,269.2380676,1.28520155,0.907613516,2721.297836,339165.8099,4773
E01008937,348504.1563,348504.1665,Birmingham 115A,1454,239.6864929,1,0.807993829,4140.987263,348504.1665,4172
E01008938,214392.7656,241986.8005,Birmingham 111D,1637,147.8233337,1.128707886,0.49831903,2969.159499,214392.7708,7636
E01008939,346116.7188,431394.7915,Birmingham 111E,1586,272.00177,1.246385336,0.91693002,4759.901782,346116.7078,4582
E01008940,392928.8125,516668.0813,Birmingham 115B,1518,340.3610535,1.31491518,1.147372246,3653.942404,392928.8077,3863
E01008941,238747.7656,300880.2759,Birmingham 115C,1552,193.8661499,1.260243297,0.653531432,2663.670753,238747.7704,6501
E01008942,245822.1406,280629.1189,Birmingham 117A,1620,173.2278442,1.141594172,0.583958805,2820.111911,245822.1356,6590
E01008943,492648.5625,505863.2382,Birmingham 117B,1616,313.0341797,1.026823759,1.055252194,3561.496589,492648.569,3280
E01008944,419969.9375,650604.3543,Birmingham 115D,1671,389.3503113,1.549168825,1.312517166,2943.009635,419969.9419,3979
E01008945,275711.375,404108.8279,Birmingham 122A,1827,221.1871033,1.465695143,0.745631576,3840.504627,275711.3643,6626
E01008946,328398.4688,487803.0576,Birmingham 122B,1527,319.4519043,1.485399961,1.076886535,3984.621867,328398.4727,4650
E01008947,191870.8906,385696.364,Birmingham 122C,1399,275.6943359,2.010186911,0.929377854,3141.889807,191870.8932,7291
E01008948,259898.6563,426659.5633,Birmingham 122D,1474,289.4569702,1.64163816,0.975772321,2768.409491,259898.6559,5671
E01008949,194648.9219,217615.4684,Birmingham 122E,1268,171.6210327,1.11798954,0.578542113,2806.740807,194648.9253,6514
E01008950,542521.1875,1004063.754,Birmingham 113A,1408,713.1134644,1.850736499,2.403937101,3953.28658,542521.172,2595
E01008951,375186.2813,1062870.631,Birmingham 112A,1386,766.8619385,2.832914352,2.585125685,3922.968332,375186.2899,3694
E01008952,381634.1875,591785.9415,Birmingham 112B,1662,356.0685425,1.550662756,1.200322986,3737.838252,381634.187,4355
E01008953,336961.4063,370083.1234,Birmingham 107A,1520,243.4757385,1.098295331,0.820767581,3327.004296,336961.4066,4511
E01008954,514260.9375,893528.5069,Birmingham 113B,1348,662.8549805,1.737500191,2.234513521,5418.021857,514260.9516,2621
E01008955,479706.2813,720426.1328,Birmingham 112C,1581,455.6774902,1.501806736,1.53610909,5163.433157,479706.2657,3296
E01008956,380244.125,813476.363,Birmingham 112D,1468,554.1392212,2.139352798,1.868027925,4327.791226,380244.1249,3861
E01008957,235143.0781,57733.13746,Birmingham 112E,1764,32.7285347,0.245523438,0.110329352,2858.574807,235143.0763,7502
E01008958,327284.0625,496186.5495,Birmingham 113C,1586,312.8540649,1.516073108,1.054644942,4356.479794,327284.0507,4846
E01008959,373293.5625,511673.5701,Birmingham 116A,1731,295.5942078,1.37070024,0.996461213,3330.584859,373293.5647,4637
E01008960,234799.625,270409.1096,Birmingham 116B,1546,174.9088745,1.151659012,0.589625597,3263.59,234799.6177,6584
E01008961,272768.5313,52532.54284,Birmingham 116C,1452,36.17943573,0.192590192,0.121962495,3700.440548,272768.5157,5323
E01008962,273341.6875,163051.0474,Birmingham 116D,2005,81.32221985,0.596509993,0.274140805,2693.702913,273341.695,7335
E01008963,490444.625,852744.5439,Birmingham 107B,1310,650.9500122,1.738717318,2.194381475,4296.788929,490444.6294,2671
E01008964,274457.0313,569840.1918,Birmingham 107C,1458,390.8368835,2.076245546,1.317528605,2952.055515,274457.0233,5312
E01008965,296241.1875,516181.3022,Birmingham 107D,1519,339.8165283,1.742435932,1.145536661,3448.973879,296241.1867,5128
E01008966,261807.4844,339306.914,Birmingham 107E,1519,223.3751831,1.296016812,0.75300771,2841.457936,261807.4836,5802
E01008967,365308.75,603349.6867,Birmingham 110A,1682,358.7096863,1.651615739,1.209226251,5250.943854,365308.7481,4604
E01008968,339490.2813,470543.6093,Birmingham 110B,1762,267.0508423,1.38602972,0.900240302,3746.153842,339490.2785,5190
E01008969,435583.0625,640682.1574,Birmingham 117C,1551,413.0768127,1.470861077,1.392500401,3126.595774,435583.0565,3561
E01008970,196305.9375,138253.5467,Birmingham 110C,1524,90.71755219,0.704275906,0.305812895,3421.617609,196305.9381,7763
E01008971,505736.0625,718234.8004,Birmingham 117D,1676,428.5410461,1.420177102,1.44463098,3998.641718,505736.0677,3314
E01008972,494881.875,370702.9778,Birmingham 118A,1837,201.7980347,0.749073684,0.680270135,4637.561951,494881.8672,3712
E01008973,378436.0625,91053.45143,Birmingham 118B,1929,47.20241165,0.240604579,0.159121424,5062.678694,378436.0645,5097
E01008974,656485.75,209010.8219,Birmingham 118C,2932,71.28609467,0.318378299,0.240308583,5614.786341,656485.756,4466
E01008975,339594.8125,26133.24759,Birmingham 118D,1553,16.82759094,0.076954201,0.056726556,4372.214527,339594.8081,4573
E01008976,359971.5938,253822.9921,Birmingham 121A,1609,157.7520142,0.705119491,0.531789064,3568.462573,359971.5978,4470
E01008977,353207.6563,91258.30653,Birmingham 123A,1636,55.78136063,0.258370131,0.188041449,3547.529505,353207.6623,4632
E01008978,218719.1875,110957.3905,Birmingham 121B,1445,76.78712463,0.507305264,0.25885281,3474.806218,218719.1861,6607
E01008979,336836.5938,77801.24179,Birmingham 121C,1627,47.8188324,0.230976209,0.161199421,2919.502502,336836.5785,4830
E01008980,311882.9375,0,Birmingham 121D,1702,0,0,0,3713.930463,311882.9425,5457
E01008981,332212.9688,675330.4528,Birmingham 110D,1526,442.5494385,2.032823801,1.491853833,3601.087255,332212.9711,4593
E01008982,424508.75,467037.7024,Birmingham 079A,1627,287.0545044,1.100183964,0.96767354,4900.046926,424508.7344,3833
E01008984,256527.1563,418938.0928,Birmingham 074A,2253,185.9467773,1.63311398,0.626834869,3536.799395,256527.1597,8783
E01008986,225507.4219,229672.5507,Birmingham 064A,1972,116.4668121,1.018470049,0.392614812,3015.533483,225507.4217,8745
E01008987,161881.7813,169373.7201,Birmingham 064B,1693,100.043541,1.046280265,0.337251246,2232.326392,161881.7878,10458
E01008988,378648.9375,343478.1971,Birmingham 064C,2285,150.3186798,0.907115161,0.506730974,4250.87407,378648.9264,6035
E01008989,272914.6563,272914.6638,Birmingham 064D,1973,138.3247223,1,0.466298759,3712.532988,272914.6638,7229
E01008990,759697,1058537.484,Birmingham 064E,1357,780.0571289,1.393368006,2.629607201,6502.783164,759697.0282,1786
E01008991,687997.9375,723776.567,Birmingham 064F,1603,451.5137634,1.05200398,1.52207303,5566.217657,687997.9283,2330
E01008992,636834.25,1005661.384,Birmingham 079C,1804,557.4619751,1.579157233,1.879229069,6232.132417,636834.2195,2833
E01008994,503102.9688,37803.57804,Birmingham 074B,1775,21.29779053,0.075140834,0.071795799,5316.952247,503102.9698,3528
E01008995,238380.6719,184541.1994,Birmingham 134A,2261,81.61928558,0.774144948,0.275142223,3315.68327,238380.6644,9485
E01008996,246557.7188,418192.2214,Birmingham 074C,1652,253.1429901,1.696123004,0.853356302,2315.163743,246557.7176,6700
E01008997,579821.0625,431734.3918,Birmingham 074D,1544,279.6207275,0.744599342,0.9426139,4497.01992,579821.0657,2663
E01008998,249143.0156,407315.8909,Birmingham 031A,1850,220.1707458,1.634867787,0.742205381,3018.587873,249143.0162,7425
E01008999,301392.7188,685150.2022,Birmingham 031B,1636,418.7959595,2.273280621,1.411779881,4450.04417,301392.705,5428
E01009000,262871.7188,613021.8823,Birmingham 031C,1705,359.5436401,2.332019091,1.212037563,3614.643153,262871.7136,6486
E01009001,323623.7188,471971.7061,Birmingham 018A,1851,254.9820099,1.458396554,0.859555721,4470.508495,323623.7226,5720
E01009002,275399.8438,510687.3007,Birmingham 023A,1468,347.8796387,1.85434854,1.17271769,2997.785849,275399.8499,5330
E01009003,346502.9063,753243.396,Birmingham 018B,1713,439.7217712,2.173844337,1.48232162,4375.020463,346502.9034,4944
E01009005,260296.3281,521244.0862,Birmingham 025A,1659,314.1917419,2.00250268,1.059154272,2726.689551,260296.3236,6374
E01009006,194492.8281,253651.4782,Birmingham 023C,1567,161.8707581,1.30416882,0.545673549,3164.092525,194492.8235,8057
E01009007,409763.9375,607227.8706,Birmingham 023D,1664,364.9205933,1.481896758,1.230163574,4258.426584,409763.9519,4061
E01009008,406005.75,991312.6814,Birmingham 028A,1461,678.5165405,2.441622257,2.287309408,4139.028096,406005.7567,3598
E01009009,246698.9219,545913.4045,Birmingham 025B,1501,363.6997986,2.212872982,1.226048231,2572.912797,246698.9163,6084
E01009011,448402.625,1293702.155,Birmingham 028B,1779,727.2075195,2.885135174,2.451448917,3421.171383,448402.6263,3967
E01009012,328512.4375,656554.8067,Birmingham 028C,1417,463.3414307,1.998569131,1.561944604,3729.596433,328512.4227,4313
E01009013,351458.125,807229.1815,Birmingham 031D,2022,399.2231445,2.296800375,1.345798969,3729.267471,351458.1353,5753
E01009014,369079.5938,818679.0455,Birmingham 090A,2277,359.5428467,2.218163967,1.212034941,3583.541668,369079.5798,6169
E01009015,350442.375,355514.0851,Birmingham 089G,1771,200.7420044,1.014472365,0.676710248,4020.298848,350442.3624,5054
E01009016,245098.1719,742528.5777,Birmingham 098A,1540,482.1614075,3.029515028,1.625387549,3028.697633,245098.1759,6283
E01009017,205354.25,523140.207,Birmingham 097A,1750,298.9372559,2.547501326,1.007730842,2399.898807,205354.2572,8522
E01009018,336403.1563,708453.0998,Birmingham 090B,1715,413.0921936,2.105964422,1.392552137,4931.254694,336403.1539,5098
E01009019,318961.0313,520577.1563,Birmingham 103A,1686,308.7646179,1.632102728,1.040859342,3276.300853,318961.0266,5286
E01009020,211197.3906,309465.9828,Birmingham 103B,1517,203.9986725,1.465292692,0.687688589,2704.207067,211197.3837,7183
E01009021,243331.1406,636871.6645,Birmingham 103C,1679,379.3160706,2.617304325,1.278691292,2968.873187,243331.145,6900
E01009022,369527.875,928569.2863,Birmingham 098B,1796,517.020752,2.512853146,1.742900014,3737.543176,369527.8603,4860
E01009023,262434.4375,580286.1931,Birmingham 098C,1703,340.7434998,2.211166382,1.148661494,2729.949843,262434.4512,6489
E01009024,209655.0156,280639.5012,Birmingham 103D,1689,166.157196,1.338577628,0.560123324,2533.026368,209655.0173,8056
E01009025,179557.75,159838.8705,Birmingham 103E,1510,105.8535538,0.890180826,0.356837064,2052.130365,179557.7504,8410
E01009026,313667.2813,638334.5154,Birmingham 090C,1602,398.4609985,2.03506875,1.343229771,3060.065339,313667.2734,5107
E01009028,193845.9219,391766.1089,Birmingham 090D,1892,207.0645447,2.021018028,0.698023796,2991.781935,193845.9286,9760
E01009029,243841.3125,598431.7736,Birmingham 090E,1583,378.036499,2.454185247,1.274377823,2797.618707,243841.3172,6492
E01009030,280820.9063,649762.0163,Birmingham 098D,1527,425.5154114,2.31379509,1.434431314,2567.958903,280820.9129,5438
E01009031,440092.9688,880014.3513,Birmingham 105C,1744,504.5953979,1.999610066,1.701013446,5212.629009,440092.9749,3963
E01009032,302850.625,605183.813,Birmingham 108A,1835,329.8004456,1.998291492,1.111771941,3141.716382,302850.617,6059
E01009033,233979.5469,152440.6105,Birmingham 103F,1830,83.30088043,0.651512563,0.280810982,2589.052759,233979.5473,7821
E01009034,291370.2188,556372.6817,Birmingham 108B,1746,318.6556091,1.909504294,1.07420218,3631.180399,291370.2289,5992
E01009035,311172.9688,455251.1398,Birmingham 108C,1819,250.2754974,1.463016391,0.843689859,3502.523587,311172.975,5846
E01009036,298077.0625,329796.8883,Birmingham 108D,1544,213.5990143,1.106414795,0.720051825,3816.844934,298077.0495,5180
E01009037,492218.3125,637297.9103,Birmingham 105D,1649,386.4753723,1.294746399,1.302825689,4131.828745,492218.3127,3350
E01009039,275758.4688,275758.4794,Birmingham 132A,1656,166.5208282,1,0.561349094,3329.469943,275758.4794,6005
E01009040,434999.4688,396426.3087,Birmingham 132B,1794,220.9734192,0.911325932,0.744911194,4221.572377,434999.4798,4124
E01009041,253998.4219,152012.0438,Birmingham 132C,1670,91.025177,0.59847635,0.306849927,2553.524865,253998.4203,6575
E01009042,239239.25,237935.5074,Birmingham 132D,1392,170.9306793,0.994550467,0.57621491,2214.181959,239239.2501,5818
E01009043,277000.0938,577713.0472,Birmingham 097B,1946,296.8720703,2.08560586,1.0007689,3366.329213,277000.1032,7025
E01009044,145564.6406,378781.0993,Birmingham 097C,1767,214.3639526,2.60215044,0.722630441,2004.372204,145564.645,12139
E01009045,413321.5,854472.1053,Birmingham 097D,1832,466.414917,2.06733036,1.572305441,6129.018489,413321.5156,4432
E01009046,396331.0313,792662.0802,Birmingham 097E,1842,430.3268738,2,1.45065105,3500.547108,396331.0401,4648
E01009047,201063.1563,372853.1627,Birmingham 040C,1777,209.821701,1.854408145,0.707318306,3077.859237,201063.155,8838
E01009048,228140.8125,273583.1672,Birmingham 040D,1878,145.6779327,1.19918561,0.491086811,3317.347265,228140.8134,8232
E01009049,265458.0313,594504.29,Birmingham 032A,1632,364.2796021,2.239541531,1.228002667,2620.804254,265458.0411,6148
E01009050,302339.8438,567415.5993,Birmingham 035A,1930,293.9977112,1.876747727,0.99107939,4089.790159,302339.8532,6384
E01009051,276741.7813,731090.8584,Birmingham 033A,1772,412.5794983,2.6417799,1.390823841,4068.535945,276741.7701,6403
E01009053,135553.9375,266722.6314,Birmingham 033B,1551,171.9681702,1.96764946,0.579712331,2116.800414,135553.9322,11442
E01009054,153388.1875,395990.4307,Birmingham 033C,1636,242.0479431,2.581622839,0.815954387,2933.827312,153388.1947,10666
E01009056,627222.5,956409.8253,Birmingham 032B,2082,459.3707275,1.524833441,1.54855907,4103.968536,627222.5001,3319
E01009057,184027.5,331253.7256,Birmingham 035D,2113,156.7693939,1.80002296,0.528476596,3711.695048,184027.5021,11482
E01009058,109484.7969,223494.0045,Birmingham 033D,1872,119.387825,2.041324615,0.402461678,2474.687949,109484.7933,17098
E01009059,157511.6406,378870.5869,Birmingham 035E,1784,212.3713989,2.405349731,0.715913475,2725.582756,157511.6453,11326
E01009060,137193.8906,363399.2109,Birmingham 035F,1697,214.1421356,2.648800135,0.721882701,2712.735389,137193.8867,12369
E01009061,144657.9688,305265.8506,Birmingham 033E,1843,165.6352997,2.110259533,0.558363974,2670.36151,144657.9685,12740
E01009062,138010.4844,347109.5791,Birmingham 040E,1704,203.7028046,2.515095711,0.686691225,3205.208545,138010.4774,12347
E01009064,275743.4375,530829.6928,Birmingham 095B,1409,376.742157,1.925085545,1.270014524,2432.788111,275743.4421,5110
E01009065,554675.0625,730659.7668,Birmingham 075A,1766,413.7371216,1.317275286,1.394726276,5916.348719,554675.0886,3184
E01009066,664281.0625,669192.9042,Birmingham 073A,1744,383.7115173,1.007394195,1.293508649,4044.269502,664281.0881,2625
E01009067,303704.7813,313535.9302,Birmingham 075B,1470,213.2897491,1.032370687,0.719009221,3719.620281,303704.7757,4840
E01009068,218156.3281,279661.0055,Birmingham 075C,1684,166.0694733,1.281929374,0.559827626,3094.593722,218156.3206,7719
E01009069,256321.4844,313420.3506,Birmingham 075D,1627,192.6369629,1.222762704,0.649387777,3177.08421,256321.4902,6347
E01009070,403251.9063,589774.0116,Birmingham 073B,1690,348.9786987,1.462544918,1.176422715,3396.476405,403251.91,4191
E01009071,924338.25,1515940.284,Birmingham 087B,1658,914.3186035,1.640027642,3.082208872,8586.034488,924338.265,1794
E01009072,338558.875,373575.4123,Birmingham 075E,1637,228.2073364,1.103428245,0.769297063,4986.149813,338558.8856,4835
E01009073,188328.8125,271428.4753,Birmingham 085A,1762,154.0456696,1.441247702,0.519294798,3050.948568,188328.8109,9356
E01009074,197132.5,226212.9581,Birmingham 085B,1743,129.7836761,1.147517323,0.437506557,2609.068313,197132.4979,8842
E01009075,195275.9063,248706.9964,Birmingham 087C,1848,134.5817108,1.27361846,0.453680933,3131.201988,195275.9007,9464
E01009077,377697.7813,575529.1527,Birmingham 095C,1821,316.0511475,1.523782134,1.065422535,4757.310374,377697.787,4821
E01009078,300542.4063,484862.3012,Birmingham 087E,1614,300.4103394,1.613290787,1.012696624,4118.09557,300542.4177,5370
E01009079,307848.7813,313666.9038,Birmingham 038A,1664,188.5017395,1.018899322,0.6354478,4332.885505,307848.7714,5405
E01009080,268071.3438,297889.3336,Birmingham 038B,1188,250.7485962,1.111231565,0.8452847,3458.398328,268071.3317,4432
E01009081,151355.5938,151355.5878,Birmingham 038C,1315,115.0993042,0.99999994,0.388004869,2477.614161,151355.5878,8688
E01009082,474193.0938,480126.0746,Birmingham 044A,1487,322.8823547,1.01251173,1.088450789,3965.593825,474193.1006,3136
E01009083,221213.4375,221213.4309,Birmingham 038D,1543,143.365799,0.99999994,0.48329249,3276.811704,221213.4309,6975
E01009084,254371.8594,254371.8653,Birmingham 042A,1871,135.9550323,1,0.458310455,3909.754762,254371.8653,7355
E01009085,307467.4688,315482.4678,Birmingham 042B,2135,147.7669678,1.026067853,0.49812901,4563.036801,307467.4747,6944
E01009086,344062.6563,546364.3337,Birmingham 044B,1969,277.4831543,1.587979198,0.935408056,2806.04945,344062.6498,5723
E01009087,305389.25,305389.2385,Birmingham 042C,1563,195.3865814,0.99999994,0.658656895,3879.5149,305389.2385,5118
E01009088,283801,283801.0032,Birmingham 045A,1659,171.0675049,1,0.57667619,3368.680235,283801.0032,5846
E01009089,358553.4375,383565.4357,Birmingham 042D,1633,234.8839111,1.069758058,0.791804135,3359.833565,358553.4453,4554
E01009090,546241.5,765493.8239,Birmingham 042E,1944,393.7725525,1.401383519,1.327424765,5469.568905,546241.4705,3559
E01009091,457101.375,457101.379,Birmingham 045B,1590,287.4851379,1,0.969125211,3713.715635,457101.379,3478
E01009092,198900.8594,198900.8646,Birmingham 054A,1775,112.0568237,1,0.377748549,2965.464577,198900.8646,8924
E01009093,240965.3438,242688.5105,Birmingham 054B,1677,144.7158661,1.007151127,0.487843633,2682.632086,240965.3411,6960
E01009094,219509.2188,309469.8969,Birmingham 054C,1506,205.4913025,1.409826398,0.692720294,2343.039471,219509.2173,6861
E01009095,497324.0625,513855.6029,Birmingham 056A,1782,288.3589172,1.033241034,0.972070754,4063.314061,497324.0704,3583
E01009096,406023.6563,794627.2418,Birmingham 029A,1648,482.1767273,1.957095981,1.625439167,4143.885944,406023.6575,4059
E01009097,769482.1875,712603.4424,Birmingham 029B,2021,352.5994263,0.926081777,1.188628316,6231.190475,769482.1741,2626
E01009098,508873.2188,1017746.439,Birmingham 025C,2119,480.2956238,2,1.619097948,5663.516782,508873.2195,4164
E01009099,255363.2031,481408.2611,Birmingham 029C,1834,262.4908752,1.885190368,0.884868443,3323.41163,255363.2004,7182
E01009100,668904.125,1158154.385,Birmingham 025D,2047,565.781311,1.731420636,1.907274008,8264.529985,668904.1355,3060
E01009101,1169031.125,1470334.061,Birmingham 029D,1626,904.2644653,1.257737279,3.048315763,8924.94133,1169031.097,1391
E01009102,1910963.375,2694060.67,Birmingham 028D,1492,1805.670654,1.409791946,6.086996078,7795.425304,1910963.349,781
E01009103,264363.1563,404574.0363,Birmingham 029E,1526,265.1206055,1.530372262,0.893733323,4562.649522,264363.1439,5772
E01009104,266420.3125,364001.6748,Birmingham 028E,1658,219.5426331,1.366268516,0.740087986,2387.510982,266420.3049,6223
E01009105,516598.875,1102250.867,Birmingham 025E,1545,713.4309692,2.133668661,2.405007601,3917.470587,516598.8827,2991
E01009106,220390.1719,227883.9867,Birmingham 029F,1268,179.7192383,1.034002542,0.605841517,2939.492923,220390.1764,5753
E01009107,351981.1563,150010.668,Birmingham 128A,1838,81.61624908,0.426189482,0.275132,4759.251875,351981.157,5222
E01009108,307163.1875,14476.85651,Birmingham 127A,1041,13.90668297,0.047130831,0.046880044,3766.905544,307163.199,3389
E01009109,182550.4531,0,Birmingham 123B,1558,0,0,0,3306.911098,182550.4515,8535
E01009110,386134.5,79385.49505,Birmingham 128B,1531,51.8520546,0.205590263,0.174795583,3639.823607,386134.4925,3965
E01009111,260285.2656,0,Birmingham 127B,1510,0,0,0,3510.810066,260285.2624,5801
E01009112,309230.0938,71237.53078,Birmingham 127C,1666,42.75962067,0.230370626,0.144144595,2823.773825,309230.0906,5388
E01009113,500348.75,22919.63825,Birmingham 128C,1410,16.2550621,0.045807324,0.054796539,6963.950381,500348.751,2818
E01009114,266955.625,0,Birmingham 128D,1534,0,0,0,3333.148019,266955.6291,5746
E01009115,338111.7188,0,Birmingham 128E,1438,0,0,0,4177.463571,338111.709,4253
E01009116,1039212.438,468695.9038,Birmingham 127D,1408,332.8806152,0.451010674,1.122155309,5307.655462,1039212.428,1355
E01009117,283253.1563,0,Birmingham 126A,2251,0,0,0,2792.92513,283253.1501,7947
E01009118,258114.8594,1132.705153,Birmingham 127E,1428,0.793210864,0.004388377,0.002673949,3859.286661,258114.8528,5532
E01009119,998352.25,448997.8828,Birmingham 123C,1451,309.4403076,0.44973895,1.043137074,7616.682876,998352.2576,1453
E01009120,370606.7188,54183.19562,Birmingham 123D,1532,35.36762238,0.146201327,0.119225822,4628.726089,370606.7174,4134
E01009121,539483.4375,720761.6122,Birmingham 014A,2373,303.7343445,1.336021781,1.023902059,4809.651424,539483.4139,4399
E01009122,222553.9531,242773.9732,Birmingham 014B,1735,139.9273682,1.090854406,0.471701354,2334.533468,222553.9609,7796
E01009123,561270.25,952543.4326,Birmingham 022A,1562,609.822937,1.697120786,2.055740356,5825.17448,561270.2207,2783
E01009124,161080.7031,372949.449,Birmingham 022B,1754,212.6279602,2.315295696,0.716778338,2021.876184,161080.7095,10889
E01009125,267268.8125,584020.0755,Birmingham 022C,1869,312.4772949,2.185141087,1.053374887,3186.918476,267268.8211,6993
E01009126,268221.4063,587852.3025,Birmingham 026A,1447,406.2559204,2.191668034,1.369506717,2761.422829,268221.3907,5395
E01009127,182443.4531,274979.1519,Birmingham 011A,1600,171.861969,1.507202029,0.579354346,2164.892568,182443.4478,8770
E01009128,192732.2656,231442.4549,Birmingham 011B,1290,179.4127502,1.200849533,0.60480839,2906.009485,192732.2705,6693
E01009129,263925.5625,447420.255,Birmingham 014C,1662,269.2059326,1.695251703,0.907505155,3133.262485,263925.5603,6297
E01009130,215166.8438,287237.2721,Birmingham 011C,1512,189.9717407,1.334951401,0.640403211,3733.157206,215166.8514,7027
E01009131,189587.1406,189587.1439,Birmingham 011D,1452,130.5696564,1,0.440156132,2243.180365,189587.1439,7659
E01009132,254022.3125,396415.1376,Birmingham 014D,1665,238.0871735,1.560552478,0.80260247,3392.561727,254022.305,6555
E01009133,194906.9063,260048.3246,Birmingham 011E,1513,171.8759613,1.334218144,0.579401493,2764.949794,194906.9132,7763
E01009134,272069,272068.9884,Birmingham 011F,1599,170.1494598,0.99999994,0.573581398,3241.058718,272068.9884,5877
E01009135,458990.6875,489672.6189,Birmingham 010A,1382,354.3217163,1.06684649,1.194434285,3948.557807,458990.691,3011
E01009136,269709.0938,345637.4974,Birmingham 014E,1706,202.6011047,1.281519651,0.682977378,3558.899803,269709.094,6325
E01009137,237724.2813,263905.5738,Birmingham 011G,1632,161.7068481,1.110133052,0.545120955,2929.109228,237724.2888,6865
E01009138,270763.375,156539.6494,Birmingham 060A,1934,80.94087219,0.578141868,0.272855282,3557.528736,270763.364,7143
E01009139,200495.0625,7558.23854,Birmingham 060B,1633,4.628437519,0.037697878,0.015602669,3646.841351,200495.0686,8145
E01009140,805936.5625,321453.5184,Birmingham 060C,2025,158.7424774,0.398857087,0.535127938,6181.597864,805936.5576,2513
E01009141,282957.3438,0,Birmingham 137A,1803,0,0,0,3325.877037,282957.3304,6372
E01009143,290507.8125,298510.3422,Birmingham 136A,1495,199.6724701,1.027546644,0.673104763,4092.116356,290507.8016,5146
E01009145,352015.25,325718.63,Birmingham 060D,2223,146.5220947,0.925296903,0.493932515,3895.991797,352015.2582,6315
E01009146,220402.9688,0,Birmingham 136B,2484,0,0,0,3009.929501,220402.9668,11270
E01009147,373235.3125,415897.2511,Birmingham 060E,1786,232.8652039,1.114303112,0.784998953,3582.138333,373235.3195,4785
E01009151,108563.7188,4344.354786,Birmingham 053A,2134,2.035780191,0.040016636,0.006862706,1626.541174,108563.717,19657
E01009152,217526.0625,149839.3308,Birmingham 053B,2142,69.95300293,0.688833892,0.235814691,2476.349801,217526.0594,9847
E01009153,600954.375,189068.6238,Birmingham 053C,2227,84.89834595,0.314613938,0.286196113,4397.69541,600954.3483,3706
E01009155,268184.4688,0,Birmingham 125B,1318,0,0,0,2974.175255,268184.4739,4915
E01009157,176829.125,0,Birmingham 125D,1462,0,0,0,2446.87013,176829.123,8268
E01009158,712466.75,31047.72681,Birmingham 129A,1956,15.87307072,0.04357779,0.053508829,5332.836119,712466.7551,2745
E01009159,805025,396855.3371,Birmingham 130A,2195,180.7996979,0.492972672,0.609483838,5398.739998,805024.9949,2727
E01009160,228571.7813,26674.07222,Birmingham 125E,1649,16.17590714,0.116698883,0.054529704,3188.982367,228571.7831,7214
E01009161,264437.8125,0,Birmingham 125F,1417,0,0,0,3506.680535,264437.8154,5359
E01009162,486532.75,325556.6204,Birmingham 124A,1621,200.8368988,0.669136107,0.677030146,4423.755849,486532.7468,3332
E01009163,1542068.125,753274.3503,Birmingham 129B,1801,418.2533875,0.488483191,1.409950733,7244.724524,1542068.109,1168
E01009164,221693.5469,251258.9343,Birmingham 130B,1441,174.3642883,1.133361459,0.587789774,4177.110721,221693.5418,6500
E01009165,342926.4063,394880.5355,Birmingham 129C,1396,282.8657227,1.151502252,0.953552902,3283.686066,342926.391,4071
E01009166,171724.0469,171724.0466,Birmingham 131A,1295,132.6054382,1,0.447018832,3169.184921,171724.0466,7541
E01009167,234259.8594,265445.783,Birmingham 130C,1565,169.6139221,1.133125305,0.571776092,3102.382484,234259.8591,6681
E01009168,245509.4531,245509.4506,Birmingham 131B,1486,165.2149811,1,0.556947052,2800.513753,245509.4506,6053
E01009169,248893.2188,253917.885,Birmingham 129D,1621,156.642746,1.020188093,0.528049648,2682.059729,248893.2184,6513
E01009170,300145.3438,287606.285,Birmingham 131C,1494,192.5075531,0.958223403,0.64895153,2909.655187,300145.3509,4978
E01009171,359253.9063,451416.3762,Birmingham 130D,1558,289.7409363,1.25653851,0.976729572,3911.899891,359253.9141,4337
E01009172,426981.6563,313428.6347,Birmingham 119A,1480,211.7761078,0.734056413,0.713906646,4165.837667,426981.6466,3466
E01009173,228322.8594,209243.0158,Birmingham 119B,1700,123.0841293,0.916434824,0.414922059,2656.53424,228322.8606,7446
E01009174,226925.0156,0,Birmingham 119C,1276,0,0,0,2722.033097,226925.0186,5623
E01009175,274381.5938,513374.0243,Birmingham 104A,1457,352.3500366,1.871022105,1.187787652,3950.25228,274381.5871,5310
E01009176,860941.375,1599421.764,Birmingham 105E,1695,943.6116333,1.857759237,3.180956841,6582.50211,860941.3826,1969
E01009177,150477.2813,451647.2165,Birmingham 104B,1608,280.8751221,3.001431227,0.946842551,2258.387866,150477.2837,10686
E01009178,277069.375,801613.1386,Birmingham 104C,1584,506.0689087,2.893185616,1.705980778,3129.693795,277069.3897,5717
E01009179,354538.75,643197.9705,Birmingham 104D,1715,375.0425415,1.814182401,1.264285088,2867.35686,354538.7523,4837
E01009182,205436.2344,562642.7812,Birmingham 092A,1603,350.9936218,2.738770962,1.183215141,2721.082963,205436.2385,7803
E01009183,725677.0625,1821623.364,Birmingham 088C,1632,1116.190796,2.510239601,3.76272893,5893.826804,725677.091,2249
E01009184,441648.2813,1507771.432,Birmingham 092B,1563,964.6650391,3.413964272,3.251928806,5188.870206,441648.2792,3539
E01009185,445302.25,819511.7882,Birmingham 093A,1653,495.7723999,1.840349555,1.671270847,4686.618177,445302.2481,3712
E01009186,1273449.875,2612207.037,Birmingham 088D,1655,1578.372803,2.051283836,5.320765018,5755.719846,1273449.832,1300
E01009187,321142.8125,770168.9332,Birmingham 092C,1534,502.0657959,2.398213148,1.692486167,3544.134421,321142.8008,4777
E01009188,273935.375,803279.4661,Birmingham 092D,1491,538.7521362,2.932368517,1.81615746,3462.079513,273935.3788,5443
E01009189,230205.4375,502915.0923,Birmingham 104E,1568,320.7366638,2.184636116,1.081217527,3646.069701,230205.4299,6811
E01009192,202228.6563,241081.9694,Birmingham 052B,2775,86.87638855,1.192125678,0.292864174,2352.210494,202228.663,13722
E01009194,344104.1875,344104.1728,Birmingham 051A,3352,102.6563797,0.99999994,0.346059203,3559.064123,344104.1728,9741
E01009195,235245.8594,235245.8598,Birmingham 058A,2799,84.04639435,1,0.283324152,2642.236587,235245.8598,11898
E01009197,235451.3281,288191.008,Birmingham 058C,1783,161.6326447,1.223994017,0.544870853,2642.617118,235451.3283,7573
E01009198,527675.0625,526710.9954,Birmingham 058D,1906,276.3436584,0.998172998,0.931566715,3817.509136,527675.0715,3612
E01009199,595197.125,546000.2704,Birmingham 052D,1501,363.7576599,0.917343616,1.226243258,5003.325281,595197.0989,2522
E01009200,767712.4375,1121006.682,Birmingham 139A,1963,571.0681152,1.460190892,1.925096035,5523.79922,767712.4462,2557
E01009201,881524.25,1005583.522,Birmingham 043A,1866,538.8979492,1.140732646,1.816648841,6952.984072,881524.2728,2117
E01009202,925635.3125,864374.2417,Birmingham 043B,1685,512.9817505,0.933817267,1.729284286,7249.095605,925635.3023,1820
E01009203,922594.875,1530522.123,Birmingham 043C,3174,482.2060852,1.658931971,1.62553823,7973.210156,922594.8895,3440
E01009204,771903.4375,651641.7783,Birmingham 052E,1874,347.7277222,0.844201148,1.172205687,7276.215497,771903.4409,2428
E01009205,429322.4688,210073.783,Birmingham 120A,1416,148.357193,0.489314675,0.500118673,4153.867603,429322.4801,3298
E01009206,351781.6563,406218.5557,Birmingham 120B,1577,257.589447,1.154746294,0.868345499,3965.341188,351781.6609,4483
E01009207,308648.0625,338675.0357,Birmingham 124B,1556,217.6574707,1.097285509,0.733733058,3488.708776,308648.0488,5041
E01009208,281415.3125,121649.2661,Birmingham 124C,1677,72.53981018,0.432276636,0.24453494,3018.130928,281415.304,5959
E01009209,441278.3438,113137.1787,Birmingham 124D,2205,51.30937958,0.256385058,0.172966197,5785.225537,441278.3385,4997
E01009210,292435.7188,10747.69007,Birmingham 126B,1863,5.769022942,0.036752317,0.019447634,5071.778864,292435.709,6371
E01009211,256092.2813,2811.335572,Birmingham 120C,1477,1.903409362,0.010977822,0.006416478,2951.359782,256092.2741,5767
E01009212,333092.9063,997.5453035,Birmingham 126C,1697,0.587828696,0.002994796,0.001981597,4968.900298,333092.9089,5095
E01009213,374548.875,95381.2336,Birmingham 124E,1477,64.5776825,0.254656315,0.217694238,3558.577107,374548.8653,3943
E01009214,406301.5625,165142.0664,Birmingham 126D,1613,102.3819351,0.40645197,0.345134079,3502.696928,406301.5555,3970
E01009215,351523.2813,178951.9275,Birmingham 126E,1755,101.9669113,0.509075582,0.34373498,5070.68479,351523.2887,4993
E01009216,369630.3125,73916.80052,Birmingham 131D,1936,38.18016434,0.199974939,0.128707036,5379.508115,369630.3014,5238
E01009217,254962.1875,0,Birmingham 131E,1624,0,0,0,2488.153298,254962.1873,6370
E01009218,503271.8438,557913.0618,Birmingham 120D,1558,358.0956726,1.108572006,1.20715642,4530.160029,503271.8331,3096
E01009219,261869.6719,261869.6644,Birmingham 120E,1572,166.5837555,1,0.561561227,3049.748275,261869.6644,6003
E01009220,240843.8594,240843.8519,Birmingham 008A,1625,148.2115936,0.99999994,0.499627918,3223.479358,240843.8519,6747
E01009221,362551.2813,393468.0253,Birmingham 007A,1516,259.5435486,1.085275531,0.874932885,4169.053062,362551.2787,4181
E01009222,329156.4375,387121.7832,Birmingham 008B,1535,252.1965942,1.176102757,0.850165963,5263.710508,329156.453,4663
E01009223,878357.25,733883.5091,Birmingham 013A,1551,473.1679688,0.835518241,1.595070243,4480.527156,878357.2467,1766
E01009224,224072.1875,280871.3126,Birmingham 008C,1441,194.9141693,1.253485799,0.657064319,3326.770604,224072.1919,6431
E01009225,453312.375,694833.0593,Birmingham 013B,1661,418.3221436,1.532790899,1.410182476,5483.863559,453312.3603,3664
E01009226,308535,308535.0043,Birmingham 017A,1579,195.3989868,1,0.658698678,3459.835099,308535.0043,5118
E01009227,273269.9688,291724.632,Birmingham 013C,1601,182.2140045,1.067532659,0.614251554,4496.418351,273269.9788,5859
E01009228,243499.1094,251581.954,Birmingham 013D,1608,156.4564362,1.033194542,0.527421594,2861.459485,243499.1114,6604
E01009229,248669.3438,277911.1377,Birmingham 017B,1684,165.030365,1.11759305,0.55632472,3355.748251,248669.344,6772
E01009230,324004.3438,392202.0463,Birmingham 017C,1593,246.2034149,1.210483909,0.829962671,4341.218004,324004.3301,4917
E01009231,370932.6875,621608.191,Birmingham 017D,1934,321.4106445,1.67579782,1.083489537,3294.606721,370932.6795,5214
E01009232,1013577.813,1856769.607,Birmingham 022D,1630,1139.122437,1.831896424,3.840032578,6163.352878,1013577.819,1608
E01009233,274480.3438,511267.0243,Birmingham 008D,1553,329.2124939,1.862672687,1.109789968,2455.495477,274480.3515,5658
E01009234,271726,74024.55707,Birmingham 019A,1572,47.08941269,0.272423536,0.158740506,3252.679361,271726.0155,5785
E01009235,233614.7031,104136.3904,Birmingham 016A,1468,70.93759918,0.445761293,0.23913379,2245.242789,233614.7092,6284
E01009236,259304.5781,76505.69366,Birmingham 019B,1576,48.54421997,0.295041829,0.163644731,3298.330505,259304.5763,6078
E01009237,304350.625,307709.849,Birmingham 024A,1449,212.3601379,1.01103735,0.715875506,3270.829779,304350.6095,4761
E01009238,425445.0313,405032.9682,Birmingham 024B,1284,315.446228,0.952021837,1.063383341,5721.081681,425445.0379,3018
E01009239,2589062.5,2303181.809,Birmingham 033F,1979,1163.810913,0.889581382,3.923258305,8214.84237,2589062.524,764
E01009240,515710.1875,320758.3124,Birmingham 024C,1621,197.8768158,0.621973991,0.667051554,3737.87093,515710.1726,3143
E01009241,408469.75,430382.9579,Birmingham 024D,1775,242.4692688,1.053647041,0.817374706,4104.883262,408469.7625,4345
E01009242,719930.375,777124.9427,Birmingham 024E,1882,412.9250488,1.079444528,1.391988754,4771.558862,719930.3446,2614
E01009243,444468.0313,20542.30933,Birmingham 016B,1584,12.96862984,0.046217743,0.043717828,4221.783122,444468.0308,3564
E01009244,356252.9375,255478.6463,Birmingham 019C,1376,185.6676178,0.717127144,0.625893831,3810.667788,356252.9271,3862
E01009245,264734.3125,0,Birmingham 016C,1300,0,0,0,3537.361247,264734.3199,4911
E01009246,244019.2969,0,Birmingham 016D,1563,0,0,0,2606.530605,244019.3036,6405
E01009247,229907.5469,90240.66227,Birmingham 016E,1546,58.37041473,0.392508477,0.196769267,2190.35636,229907.5521,6724
E01009248,264764.625,261822.7107,Birmingham 019D,1755,149.1867371,0.988888562,0.502915084,3567.880171,264764.6174,6629
E01009249,254680.4219,256611.1563,Birmingham 080A,1561,164.3889465,1.007580996,0.554162502,2852.405473,254680.4249,6129
E01009250,481925.375,517148.2004,Birmingham 080B,1578,327.7238159,1.073087692,1.104771614,3936.416104,481925.3771,3274
E01009251,254862.1875,254862.1912,Birmingham 080C,1513,168.4482422,1,0.567846537,3836.927417,254862.1912,5937
E01009252,375415.9063,517976.9334,Birmingham 073C,1517,341.4482117,1.379741549,1.151037097,3556.507306,375415.8915,4041
E01009253,380359,459236.6339,Birmingham 080D,1522,301.7323608,1.207376838,1.017153144,4936.893469,380358.9976,4001
E01009254,344940.0625,482772.9106,Birmingham 085C,1645,293.4789734,1.399584889,0.989330649,4530.445168,344940.072,4769
E01009255,240108.5469,244978.5009,Birmingham 080E,1538,159.2838135,1.020282269,0.536952794,3536.569483,240108.5491,6405
E01009256,248920.1094,249286.3682,Birmingham 085D,1590,156.7838745,1.0014714,0.528525412,2838.294878,248920.1114,6388
E01009257,235285.0313,235285.0249,Birmingham 080F,1603,146.7779388,1,0.494794935,3716.82335,235285.0249,6813
E01009258,406900.4688,441844.4056,Birmingham 085E,1430,308.9821167,1.085878372,1.04159236,3874.815498,406900.4671,3514
E01009259,699523.3125,410075.0386,Birmingham 094E,1642,249.7411957,0.586220682,0.841888666,5287.910516,699523.3395,2347
E01009260,502879.6875,502879.6962,Birmingham 073D,1499,335.4767761,1,1.130907178,4116.52207,502879.6962,2981
E01009261,354815.1875,420665.9164,Birmingham 073E,1603,262.4241638,1.185591578,0.884643495,3472.429238,354815.1925,4518
E01009262,417623.625,954852.2024,Birmingham 133A,1748,546.2541504,2.286394119,1.841446996,3669.579068,417623.6324,4186
E01009263,316368.875,685610.705,Birmingham 032C,1779,385.3910522,2.167124271,1.299170375,3292.918229,316368.8746,5623
E01009264,167894.2813,365687.9337,Birmingham 032D,1358,269.2841797,2.178084612,0.907769024,3738.586875,167894.2744,8088
E01009265,262310.0625,524620.1311,Birmingham 032E,1845,284.3469543,2,0.958546221,3001.84382,262310.0655,7034
E01009266,189406.7188,331252.4538,Birmingham 034A,1819,182.1069031,1.74889493,0.613890469,2843.738966,189406.7202,9604
E01009267,352379.2188,622583.6211,Birmingham 133B,1752,355.355957,1.766800046,1.19792068,3623.828217,352379.2104,4972
E01009268,184955.5625,242786.1617,Birmingham 036A,1588,152.8880157,1.312672973,0.515392303,2612.729713,184955.5564,8586
E01009269,286507.1875,278582.4491,Birmingham 034B,1668,167.0158539,0.972340167,0.563017905,2997.314538,286507.2016,5822
E01009270,225830.6563,276914.8398,Birmingham 034C,2211,125.2441635,1.226205707,0.42220363,3085.974005,225830.6599,9791
E01009271,128653.1797,129754.269,Birmingham 034D,1656,78.35402679,1.008558631,0.264134914,1906.828812,128653.1822,12872
E01009272,920778.375,561386.7855,Birmingham 036B,1437,390.6658325,0.609687209,1.316951871,5219.469191,920778.3536,1561
E01009273,161339.2813,161339.2782,Birmingham 034E,1674,96.37949371,1,0.324899584,2789.748707,161339.2782,10376
E01009274,304772.5313,378741.2305,Birmingham 036C,2229,169.9153137,1.242701292,0.572792053,3397.740934,304772.546,7314
E01009275,168023.875,168023.8796,Birmingham 039A,1668,100.7337418,1,0.339577913,1796.449824,168023.8796,9927
E01009276,513982.9375,120792.5478,Birmingham 133C,1604,75.3070755,0.235012755,0.253863513,3762.652442,513982.9299,3121
E01009278,446312.5313,1003470.617,Birmingham 133D,1790,560.5980835,2.248358488,1.889801145,3591.171915,446312.5416,4011
E01009279,309793.4375,481979.3594,Birmingham 133E,1522,316.6750183,1.555808783,1.067525506,2851.491841,309793.4447,4913
E01009280,437530.1875,638009.7958,Birmingham 100A,1340,476.126709,1.458207488,1.605044365,4210.551968,437530.2012,3063
E01009281,686367.875,1041199.023,Birmingham 099A,1415,735.8297119,1.516969323,2.480514765,4763.551192,686367.9017,2062
E01009282,401420.8125,723456.4961,Birmingham 100B,1719,420.8589172,1.802239656,1.418734193,5003.634607,401420.8197,4282
E01009283,359714,358674.881,Birmingham 079E,1533,233.9692688,0.997111261,0.788720787,3121.460647,359713.9943,4262
E01009284,662742.375,913286.9488,Birmingham 096A,2819,323.9754944,1.378042221,1.092135787,5924.422701,662742.3438,4254
E01009286,270956.0625,734252.9824,Birmingham 096C,2412,304.4166565,2.709859848,1.026202083,2691.278994,270956.0676,8902
E01009288,478400.375,864119.497,Birmingham 100C,1214,711.7952881,1.806268454,2.399493694,4384.117241,478400.3651,2538
E01009289,142316.5,239239.2687,Birmingham 096E,2338,102.3264618,1.681036711,0.34494707,2432.827575,142316.5057,16428
E01009290,125999.1797,315195.6047,Birmingham 096F,2410,130.7865601,2.501568794,0.440887302,2052.927052,125999.1806,19127
E01009291,338297.4688,556507.9007,Birmingham 095D,1464,380.1283569,1.645025373,1.281429529,3374.40666,338297.4553,4328
E01009292,374726.9688,571580.4306,Birmingham 099B,1635,349.5904846,1.52532506,1.178485036,3390.327052,374726.9643,4363
E01009293,217163.9063,540664.6865,Birmingham 100D,1584,341.3287048,2.489661932,1.150634289,3248.443195,217163.9131,7294
E01009294,779515,1746710.431,Birmingham 099C,1760,992.4490967,2.240765572,3.345590115,5298.829828,779514.9855,2258
E01009295,368601.0313,464918.4322,Birmingham 099D,1825,254.7498322,1.261305332,0.858772993,4063.787645,368601.0157,4951
E01009296,228546.7969,441088.1202,Birmingham 100E,1606,274.6501465,1.929968476,0.925857842,2684.850349,228546.7892,7027
E01009297,747563.0625,612023.3953,Birmingham 057A,1558,392.8263245,0.818691313,1.324234962,5791.093511,747563.0708,2084
E01009298,260420.8281,260420.8325,Birmingham 054D,1599,162.8648071,1,0.549024522,2606.361868,260420.8325,6140
E01009299,261010.3125,261010.3141,Birmingham 057B,1691,154.3526459,1,0.520329595,2635.115278,261010.3141,6479
E01009300,551386.125,680221.6591,Birmingham 057C,1875,362.7848816,1.233657598,1.222964048,5023.702909,551386.1068,3401
E01009301,293604.7188,489769.9184,Birmingham 057D,1618,302.7008057,1.668126822,1.020417929,3320.644541,293604.7189,5511
E01009302,375767.4375,426956.1931,Birmingham 069A,1435,297.5304565,1.136224508,1.002988338,3724.426359,375767.425,3819
E01009303,494875.6875,569052.5435,Birmingham 057E,1491,381.6583252,1.149889827,1.286587119,4829.713565,494875.6726,3013
E01009304,345716.75,348534.1303,Birmingham 046A,1862,187.182663,1.008149385,0.631001115,4139.60484,345716.757,5386
E01009305,328870.6563,352596.4436,Birmingham 045C,1603,219.9603577,1.072143197,0.741496146,3916.590311,328870.6591,4874
E01009306,908436.0625,768557.795,Birmingham 046B,1687,455.5766296,0.846022964,1.535769105,7851.990373,908436.0927,1857
E01009307,336455.8125,447440.5658,Birmingham 045D,1594,280.7030029,1.329864264,0.9462623,4416.101694,336455.8226,4738
E01009308,353839.4375,345285.9134,Birmingham 046C,2067,167.0468903,0.975826561,0.563122511,4094.626407,353839.4325,5842
E01009309,262767.6875,262767.7007,Birmingham 045E,1745,150.5832062,1,0.507622719,3933.062753,262767.7007,6641
E01009310,338510.125,334429.3576,Birmingham 046D,1815,184.258606,0.987944901,0.621143937,4024.5884,338510.1099,5362
E01009311,206851.7031,247198.2449,Birmingham 054E,1696,145.7536774,1.195050597,0.491342157,2431.385831,206851.6954,8199
E01009312,288217.8125,698717.701,Birmingham 072A,1597,437.5189209,2.424269676,1.474895716,3115.68961,288217.8279,5541
E01009313,260543.125,576266.1684,Birmingham 076D,1603,359.4923096,2.211787939,1.211864591,2814.646509,260543.1194,6153
E01009314,292466.9063,584933.7907,Birmingham 069B,1775,329.5401611,1.999999881,1.110894561,3055.049541,292466.8953,6069
E01009315,505856.3438,989755.4424,Birmingham 081A,1594,620.9255981,1.956593871,2.09316802,4648.014613,505856.3565,3151
E01009316,345035.8125,690071.6383,Birmingham 081B,1736,397.5067139,2,1.340012789,4099.96536,345035.8192,5031
E01009317,441984.25,624377.8642,Birmingham 081C,1845,338.4161987,1.412669897,1.140815973,4038.514174,441984.2411,4174
E01009318,712421.8125,451173.1706,Birmingham 081D,1549,291.2673645,0.633295,0.9818753,5352.513546,712421.8094,2174
E01009319,248492.1875,491253.8196,Birmingham 081E,1582,310.5270691,1.976938725,1.046800613,3075.675337,248492.1893,6366
E01009320,625369.375,805345.5631,Birmingham 081F,1563,515.2562866,1.287791848,1.736951828,6403.215562,625369.3805,2499
E01009321,863333.3125,1306211.855,Birmingham 069C,2009,650.1801147,1.512986779,2.191786051,5669.605875,863333.3064,2327
E01009322,677449.6875,1042112.937,Birmingham 069D,1730,602.3774414,1.538288355,2.030641079,6158.82629,677449.7136,2554
E01009323,254327.7344,512630.4317,Birmingham 069E,1622,316.0483398,2.015629292,1.065413117,4675.048909,254327.7369,6378
E01009324,267199.7813,538665.1486,Birmingham 072B,1659,324.692688,2.015964031,1.094553471,3048.518457,267199.7794,6209
E01009325,190335.9688,217121.7375,Birmingham 063A,1885,115.1839447,1.140728831,0.388290197,2024.613027,190335.9646,9904
E01009326,488918.4688,637647.7975,Birmingham 066D,2040,312.5724487,1.304200649,1.053695679,3783.953606,488918.4667,4172
E01009327,124580.8516,234961.8874,Birmingham 139B,1700,138.2128754,1.88601923,0.46592176,2964.769818,124580.8551,13646
E01009328,130397.0391,227256.6498,Birmingham 139C,2379,95.52612305,1.742805243,0.322022825,2760.97325,130397.0395,18244
E01009329,232417.4063,454921.7209,Birmingham 070A,2491,182.6261444,1.95734787,0.615640879,2645.091464,232417.4068,10718
E01009331,168201.0938,325924.7796,Birmingham 139D,2174,149.9194031,1.937709093,0.505384982,2277.343281,168201.0906,12925
E01009332,372771.5313,560476.8731,Birmingham 139E,1771,316.4747925,1.50353992,1.066850662,3163.353257,372771.5325,4751
E01009333,118731.3672,237010.3784,Birmingham 139F,1706,138.927536,1.996190071,0.46833092,1483.364916,118731.3653,14369
E01009334,150412.4375,245362.1938,Birmingham 070B,1827,134.2978668,1.63126266,0.452724069,2217.637393,150412.4398,12147
E01009335,216561.0313,261871.2169,Birmingham 139G,1966,133.2000122,1.209225893,0.449023157,3840.17533,216561.0245,9078
E01009337,152305.25,219788.2548,Birmingham 070C,1942,113.176239,1.443077326,0.381522149,2602.452025,152305.2446,12751
E01009338,479490.5313,702231.0391,Birmingham 070D,1614,435.0873718,1.464535832,1.466698885,4460.39961,479490.5234,3366
E01009339,595764.1875,1113465.927,Birmingham 140A,1580,704.7252808,1.868970871,2.375660181,3710.797015,595764.2043,2652
E01009340,503972.2813,1047033.468,Birmingham 140B,2932,357.1055603,2.077561617,1.203818679,3454.765036,503972.2829,5818
E01009341,538623.6875,538623.6635,Birmingham 066E,1689,318.9009399,0.99999994,1.075029254,4241.65442,538623.6635,3136
E01009342,354952.2813,437171.629,Birmingham 063D,1819,240.3362427,1.231634974,0.810184181,3789.271654,354952.2673,5125
E01009343,143841.6406,201089.964,Birmingham 063E,1870,107.5347366,1.397995472,0.362504393,2431.379772,143841.6466,13000
E01009344,115575.7656,161442.6299,Birmingham 139H,1648,97.96276093,1.396855354,0.330236822,1994.429755,115575.7691,14259
E01009345,502490.0625,219636.7252,Birmingham 053D,2641,83.16423035,0.437096655,0.280350298,3976.735948,502490.0737,5256
E01009346,197280.9688,41580.81217,Birmingham 053E,1793,23.19063759,0.210769504,0.07817667,2192.711809,197280.9755,9089
E01009347,372905.9063,47338.93322,Birmingham 049D,1515,31.24682045,0.126946047,0.105334423,3505.701786,372905.9174,4063
E01009348,592253.875,121893.9654,Birmingham 047A,2105,57.9068718,0.205813706,0.195206642,5316.612097,592253.8534,3554
E01009349,421109.0313,124379.0567,Birmingham 036D,1982,62.75431824,0.295360684,0.211547598,4438.74941,421109.0246,4707
E01009350,109569.9219,109569.9222,Birmingham 039B,1624,67.46916199,1,0.227441549,1741.776634,109569.9222,14822
E01009351,115468.6328,104585.522,Birmingham 036E,1818,57.52779007,0.905748308,0.193928733,2795.032738,115468.6315,15745
E01009352,153992.9531,153992.9575,Birmingham 039C,1714,89.84420013,1,0.302868783,2603.527749,153992.9575,11130
E01009353,118207.3828,118207.3822,Birmingham 039D,1607,73.55780029,1,0.247966617,2130.11996,118207.3822,13595
E01009354,275549.1563,264719.2715,Birmingham 036F,1604,165.0369568,0.960697114,0.556346893,3162.529416,275549.145,5821
E01009355,271987.5938,271987.5965,Birmingham 039E,1551,175.3627319,1,0.591155589,2654.937101,271987.5965,5702
E01009358,363728.0313,350362.1797,Birmingham 047B,1981,176.8612671,0.9632532,0.596207201,3146.374862,363728.0457,5446
E01009359,266373.625,264223.9928,Birmingham 047C,2191,120.5951614,0.991930008,0.406531662,3043.776607,266373.6098,8225
E01009360,438731.875,430013.7811,Birmingham 047D,2631,163.4411926,0.980128884,0.550967515,4027.134355,438731.8762,5997
E01009361,176849.9531,97855.21942,Birmingham 047E,2332,41.96192932,0.553323388,0.141455531,2443.557826,176849.9548,13186
E01009362,212102.1406,209624.4991,Birmingham 071A,1391,150.7005768,0.988318622,0.508018315,2779.73235,212102.1481,6558
E01009363,592267.6875,879062.9486,Birmingham 071B,1635,537.6531982,1.484232545,1.812452793,5354.854313,592267.6681,2761
E01009364,335527.7188,284416.1225,Birmingham 071C,1453,195.7440643,0.847668052,0.659861922,4676.041682,335527.7312,4330
E01009365,389814.5625,534357.2815,Birmingham 071D,1834,291.3616638,1.370798707,0.982193112,5646.803852,389814.5678,4705
E01009366,223292.3281,390450.1227,Birmingham 084A,1635,238.8074188,1.748605132,0.805030406,2812.025184,223292.3314,7322
E01009367,363755.3438,448744.9981,Birmingham 083A,1703,263.502655,1.233645082,0.88827914,4899.993435,363755.3412,4682
E01009368,106602.8672,252964.3864,Birmingham 077A,1447,174.8199005,2.372960329,0.589325666,2021.462953,106602.8703,13574
E01009371,240240.3125,471674.4855,Birmingham 077D,1806,261.1708069,1.963344455,0.88041842,3133.808202,240240.3139,7517
E01009372,84613.17188,177869.4404,Birmingham 082A,1820,97.73046112,2.102148294,0.329453737,2719.631972,84613.17064,21510
E01009373,82821.47656,206870.3127,Birmingham 082B,1869,110.6850281,2.497785807,0.373124152,1737.62794,82821.47781,22567
E01009374,216661.0313,216661.0352,Birmingham 084B,1175,184.3923645,1,0.621594906,3381.038212,216661.0352,5423
E01009375,176345.8281,249014.5383,Birmingham 083B,1954,127.4383545,1.412080646,0.429600358,2804.793915,176345.8231,11081
E01009376,211508.4844,322673.7216,Birmingham 084C,1710,188.6980896,1.52558291,0.63610965,3251.644123,211508.4902,8085
E01009377,122016.9531,145409.0068,Birmingham 083C,1435,101.3303146,1.191711545,0.341589004,2464.751044,122016.9553,11761
E01009378,675654,356009.7257,Birmingham 135A,2279,156.2131348,0.526911318,0.526601434,5124.27303,675653.981,3373
E01009379,347477.9375,589798.4336,Birmingham 071E,1733,340.3337708,1.697369456,1.147280335,3889.300587,347477.9429,4987
E01009380,107024.3828,177240.1848,Birmingham 070E,1750,101.2801056,1.656072974,0.341419756,1403.371599,107024.3828,16351
E01009382,241395.9063,648015.6925,Birmingham 140C,2007,322.8777771,2.684451818,1.088435292,3494.312157,241395.9046,8314
E01009383,115999.0156,231998.0307,Birmingham 083D,1509,153.7428894,2,0.518274128,2657.069326,115999.0154,13009
E01009384,193993.125,533950.8894,Birmingham 092E,1394,383.0350647,2.752421618,1.291228294,2059.235701,193993.1314,7186
E01009385,209685.1406,797008.7643,Birmingham 092F,1291,617.357666,3.800978661,2.08114028,2591.208509,209685.1382,6157
E01009389,190664.2656,467131.5022,Birmingham 093B,1760,265.4156189,2.450021267,0.894727886,2746.471163,190664.2686,9231
E01009390,193598.8438,416642.6173,Birmingham 093C,1494,278.8772583,2.152092457,0.940107644,2879.67448,193598.8373,7717
E01009391,149679.5313,469189.2599,Birmingham 140D,1868,251.1719818,3.134625435,0.846711934,1816.08131,149679.5312,12480
E01009392,121808.5078,290866.5663,Birmingham 140E,1788,162.6770477,2.387900352,0.548391581,1955.131812,121808.508,14679
E01009393,160209.0313,404580.7774,Birmingham 140F,1799,224.8920441,2.525330544,0.758121073,2242.911435,160209.03,11229
E01009394,266868.1875,537723.6129,Birmingham 093D,1734,310.105896,2.014940739,1.045380712,2933.843533,266868.1906,6498
E01009395,305940.7813,701015.7233,Birmingham 097F,1738,403.3462219,2.291344404,1.359698057,2696.798187,305940.7671,5681
E01009396,141014.4219,286022.3231,Birmingham 082D,2098,136.3309479,2.028319597,0.45957768,2638.603815,141014.4209,14878
E01009397,153348.6875,304082.4432,Birmingham 077E,1713,177.5145569,1.982947826,0.598409474,2263.490017,153348.6882,11171
E01009399,85976.36719,164799.1516,Birmingham 083E,1670,98.68212891,1.916795969,0.332661837,1916.883128,85976.36655,19424
E01009400,685441.25,767010.4384,Birmingham 031E,1512,507.2820435,1.119002461,1.710070372,4510.095491,685441.27,2206
E01009401,448353.6875,677687.4918,Birmingham 031F,1817,372.9705505,1.511502028,1.257300377,3441.59658,448353.6817,4053
E01009403,217362.8594,279193.9564,Birmingham 020A,1548,180.3578491,1.284460306,0.607994378,3168.065993,217362.8529,7122
E01009404,223222.25,319388.1721,Birmingham 020B,1621,197.0315704,1.430807948,0.664202213,4383.781413,223222.2478,7262
E01009405,272492.4375,474733.0808,Birmingham 020C,1391,341.2890625,1.742188096,1.150500655,3767.661062,272492.4275,5105
E01009406,338455.5313,773829.2001,Birmingham 020D,1712,452.0030518,2.286354065,1.52372241,3713.209583,338455.5303,5058
E01009407,255827.8281,595390.7323,Birmingham 020E,1860,320.1025391,2.327310324,1.079079866,2775.11609,255827.8235,7271
E01009408,258010.6406,584064.3267,Birmingham 026B,1696,344.3775635,2.263721943,1.160912037,4061.11638,258010.6455,6573
E01009409,242949.0313,484121.0522,Birmingham 026C,1847,262.1120911,1.992685676,0.883591533,3690.015859,242949.0369,7602
E01009410,424375.625,1002483.008,Birmingham 026D,1852,541.2975464,2.362253904,1.824738026,4654.759998,424375.625,4364
E01009411,341078.25,682300.9548,Birmingham 030B,1784,382.4556885,2.000423431,1.289275169,3564.881255,341078.2362,5230
E01009412,222923,447041.7754,Birmingham 030C,1906,234.5444794,2.00536418,0.790659845,3121.325966,222923.005,8550
E01009413,251726.6094,488951.0207,Birmingham 030D,1785,273.9221497,1.942389131,0.92340374,3501.644959,251726.6164,7091
E01009414,517587.2813,844652.2435,Birmingham 030E,2196,384.6321716,1.631903052,1.296612144,5538.115175,517587.2682,4243
E01009415,620520.875,580970.675,Birmingham 002A,1677,346.4345093,0.936262906,1.167846203,5021.319475,620520.9023,2703
E01009416,3279584.5,1726004.829,Birmingham 003A,2747,628.3235474,0.526287675,2.118106604,10605.84071,3279584.578,838
E01009417,358757.6563,358757.6559,Birmingham 001A,1529,234.6354828,1,0.79096669,4038.788433,358757.6559,4262
E01009418,1055238.375,575633.2485,Birmingham 001B,1519,378.9553833,0.545500696,1.277475476,7829.247445,1055238.373,1439
E01009419,360825.3125,449110.8057,Birmingham 001C,1384,324.5020142,1.24467659,1.093910813,3469.632188,360825.3146,3836
E01009420,302143.6563,302143.6519,Birmingham 003B,1536,196.7080994,1,0.663111806,3499.263078,302143.6519,5084
E01009421,2995659.5,903606.9786,Birmingham 004A,1667,542.0557861,0.301638752,1.827294111,9283.993989,2995659.615,556
E01009422,757717.5,579835.6388,Birmingham 002B,1916,302.6282043,0.765239894,1.020173192,6149.880413,757717.495,2529
E01009423,1290659.375,898407.0958,Birmingham 002C,1730,519.3104858,0.696083784,1.750618696,10603.55552,1290659.403,1340
E01009424,6447837,1495337.915,Birmingham 004B,1489,1004.25647,0.231913105,3.385393381,17421.53596,6447836.773,231
E01009425,550178.3125,550178.3013,Birmingham 002D,1735,317.1056519,1,1.068977237,6845.757967,550178.3013,3154
E01009426,778565.1875,732820.1127,Birmingham 003C,1429,512.8202515,0.941244364,1.728739858,6323.225893,778565.1879,1835
E01009427,867528.25,851916.7256,Birmingham 004C,1464,581.9103394,0.982004583,1.961645603,8199.482955,867528.2334,1688
E01009428,767317.6875,1213302.555,Birmingham 004D,1626,746.1885376,1.581225872,2.515434742,5127.019183,767317.6715,2119
E01009429,632091.0625,632091.0855,Birmingham 003D,1471,429.7016296,1,1.44854331,5143.670114,632091.0854,2327
E01009430,962038.6875,1068402.914,Birmingham 004E,1746,611.9146118,1.110561252,2.062791348,9564.265135,962038.6843,1815
E01009431,437469.3438,437469.3474,Birmingham 003E,1649,265.2937317,1,0.894316971,4425.866403,437469.3474,3769
E01009432,868973.75,2452468.003,Birmingham 006A,1533,1599.783447,2.822257757,5.392940998,5596.281072,868973.7677,1764
E01009433,540440.75,579443.1872,Birmingham 001D,1777,326.0794678,1.072167873,1.099228382,4188.12979,540440.7353,3288
E01009434,910785.4375,2025620.146,Birmingham 012A,1529,1324.800659,2.224036694,4.465961933,6193.443165,910785.4324,1679
E01009435,604196.6875,1484045.067,Birmingham 006B,1820,815.4093628,2.456228495,2.748781204,5842.554462,604196.6819,3012
E01009436,449755,1044367.463,Birmingham 012B,1339,779.9607544,2.322080851,2.629282475,6134.554723,449754.9884,2977
E01009437,1128016,2196063.235,Birmingham 006C,1880,1168.118774,1.946836948,3.93778038,7930.652603,1128015.988,1667
E01009438,866814.75,909651.1624,Birmingham 012C,1439,632.1411743,1.049418211,2.130975962,5652.889646,866814.764,1660
E01009439,1024203.313,2226324.922,Birmingham 021A,1400,1590.232056,2.173713923,5.360743046,6154.105568,1024203.337,1367
E01009440,442878.125,1186347.363,Birmingham 012D,1563,759.0194092,2.678721905,2.558688164,4631.604301,442878.1147,3529
E01009441,5207762,2092811.022,Birmingham 021B,1464,1429.515747,0.401863813,4.818961143,15402.78195,5207761.771,281
E01009442,536778.75,1217864.289,Birmingham 021C,1457,835.8711548,2.268838406,2.817758799,3853.301227,536778.7739,2714
E01009443,668374.6875,850023.7945,Birmingham 021D,1189,714.9064941,1.271777391,2.409981489,5080.348777,668374.6854,1779
E01009444,405207.2188,986586.8349,Birmingham 006D,1454,678.5328979,2.434771061,2.287364483,3940.082236,405207.2237,3588
E01009445,287422.4375,771583.8568,Birmingham 005A,1698,454.4074402,2.684494257,1.531827807,3889.423009,287422.4448,5908
E01009446,488840.5938,1504603.269,Birmingham 005B,2412,623.7990112,3.077901602,2.102854252,3830.91309,488840.5917,4934
E01009447,373101.0313,1122407.475,Birmingham 005C,1625,690.7122803,3.00832057,2.328421831,5327.456569,373101.0428,4355
E01009448,787679.0625,981628.8535,Birmingham 005D,1465,670.053833,1.24622941,2.258781195,6991.098916,787679.0917,1860
E01009449,760178.1875,1629884.512,Birmingham 009A,1801,904.9886475,2.144082308,3.050756931,4666.285257,760178.1952,2369
E01009450,8738676,5449704.572,Birmingham 012E,1680,3243.871826,0.623630464,10.93523598,26797.30856,8738675.668,192
E01009451,422752,1028777.493,Birmingham 009B,1429,719.9282837,2.433524847,2.426910162,4402.073729,422751.9941,3380
E01009452,362118.375,1086355.165,Birmingham 005E,1657,655.6156616,3,2.210109711,4902.551126,362118.3884,4576
E01009453,268411.25,569760.2153,Birmingham 009C,1667,341.7877808,2.122713566,1.152181745,4138.577058,268411.2377,6211
E01009454,420663.5313,1146794.075,Birmingham 006E,1465,782.7946167,2.726155281,2.63883543,5146.950192,420663.5162,3483
E01009455,204992.875,614978.6073,Birmingham 005F,1323,464.8364258,3,1.566984296,2683.952943,204992.8691,6454
E01009456,356995.125,408836.3701,Birmingham 018C,1705,239.7867279,1.145215511,0.808331728,5130.855992,356995.1371,4776
E01009457,718477.1875,1287298.741,Birmingham 015A,1384,930.1291504,1.791704416,3.135506868,4914.226582,718477.1979,1926
E01009458,287092.3438,287092.3533,Birmingham 018D,1417,202.6057587,1,0.682992995,3404.348471,287092.3533,4936
E01009459,450915.375,988765.5619,Birmingham 015B,1669,592.4299316,2.19279623,1.997107625,3945.595545,450915.3736,3701
E01009460,274096.875,342270.544,Birmingham 018E,1606,213.1198883,1.248721123,0.718436658,3803.368388,274096.8689,5859
E01009461,599877.75,1284076.96,Birmingham 015C,1271,1010.288696,2.140564442,3.40572834,4359.532268,599877.7731,2119
E01009462,333842.25,752011.4793,Birmingham 018F,1558,482.6774597,2.252595186,1.627127171,4497.479054,333842.2633,4667
E01009463,535730.1875,1243844.683,Birmingham 015D,1487,836.479248,2.321774483,2.81980896,5295.73098,535730.2102,2776
E01009464,422320.9375,500040.2294,Birmingham 007B,1363,366.8673706,1.184028983,1.236726284,3368.264624,422320.9507,3227
E01009465,382594.1875,494016.2611,Birmingham 007C,1374,359.546051,1.291227818,1.21204567,4004.965876,382594.1872,3591
E01009466,454346.8438,834779.4553,Birmingham 009D,1615,516.8912964,1.837317586,1.742463589,5392.903175,454346.8375,3555
E01009467,356209.0625,360493.2253,Birmingham 007D,1532,235.3088989,1.012027144,0.793236732,4070.008766,356209.0529,4301
E01009468,1079413.375,1158953.46,Birmingham 004F,1491,777.2994385,1.073688269,2.620311022,8733.224443,1079413.375,1381
E01009469,356066,356066.005,Birmingham 010B,1391,255.9784393,1,0.862914681,4205.426919,356066.0045,3907
E01009470,354660.4375,383408.046,Birmingham 010C,1433,267.5562134,1.081056714,0.901943862,4517.554773,354660.4478,4040
E01009471,455228.8125,910457.6498,Birmingham 009E,1669,545.5108643,2,1.838941455,4301.571282,455228.8249,3666
E01009472,353372.3125,353372.3203,Birmingham 010D,1663,212.4908752,1,0.716316164,4984.186803,353372.3203,4706
E01009473,409901.3438,409901.3469,Birmingham 010E,1627,251.9369049,1,0.84929055,3657.599612,409901.3469,3969
E01009474,373328.5313,402824.8576,Birmingham 010F,1547,260.3909912,1.079009056,0.877789617,4458.467712,373328.5237,4144
E01009475,192581.4531,194913.3199,Birmingham 055A,2124,91.76709747,1.012108445,0.309350967,2737.706133,192581.448,11029
E01009476,328759.625,463117.7688,Birmingham 055B,2074,223.2969055,1.408681989,0.752743781,3039.072173,328759.6318,6309
E01009477,348331.3438,370530.1954,Birmingham 055C,1865,198.675705,1.063729167,0.66974467,4049.47163,348331.357,5354
E01009478,576344.5,684787.7953,Birmingham 048A,1907,359.0916748,1.188157082,1.210513949,4986.865966,576344.5196,3309
E01009479,717709.0625,748140.6525,Birmingham 048B,2365,316.3385315,1.042400956,1.066391349,5446.983328,717709.0427,3295
E01009480,240372.2813,367908.4316,Birmingham 044C,1987,185.1577454,1.53057766,0.624175012,2918.619781,240372.2791,8266
E01009481,254101.3594,353060.3056,Birmingham 044D,2389,147.7858124,1.389446735,0.498192549,4167.505906,254101.3635,9402
E01009482,156663.9219,156663.9189,Birmingham 048C,1770,88.51068878,1,0.298373461,2380.490062,156663.9189,11298
E01009483,326510.9375,326510.9396,Birmingham 051B,2008,162.6050568,1,0.54814887,2993.418521,326510.9396,6150
E01009484,159035.9844,159035.9827,Birmingham 048D,1837,86.57375336,1,0.291843981,2416.210712,159035.9827,11551
E01009485,289435.6875,365295.9522,Birmingham 048E,1941,188.1998749,1.26209712,0.63443017,2977.564395,289435.697,6706
E01009486,232336.9844,357856.1524,Birmingham 044E,2033,176.0236816,1.540246129,0.59338367,3567.564505,232336.9796,8750
E01009487,213532.2969,316926.4853,Birmingham 044F,2267,139.799942,1.484208703,0.471271843,4542.326035,213532.2992,10617
E01009488,288960.4375,429948.8855,Birmingham 051C,2357,182.41362,1.487916112,0.614924431,4106.45414,288960.4465,8157
E01009489,139645.4219,139645.4279,Birmingham 051D,2110,66.18267059,1,0.223104715,2280.541764,139645.4279,15110
E01009490,402871,688075.5289,Birmingham 055D,2145,320.7811279,1.707930207,1.081367493,3123.762794,402870.9907,5324
E01009491,142486.3125,184054.4626,Birmingham 051E,1929,95.41444397,1.291734338,0.321646333,2300.336636,142486.3081,13538
E01009492,205426.1406,229197.3674,Birmingham 055E,1921,119.3114853,1.115716696,0.402204335,2727.029471,205426.148,9351
E01009493,334259.625,426203.485,Birmingham 113D,1435,297.0059204,1.27506721,1.001220107,3732.300326,334259.6157,4293
E01009494,262902.8125,457063.4837,Birmingham 109A,1639,278.8672791,1.738526464,0.940074027,3300.40145,262902.811,6234
E01009495,304059.3438,730024.2167,Birmingham 106E,1263,578.0081177,2.400926828,1.948490977,3399.833881,304059.3365,4154
E01009496,483456.375,831418.9347,Birmingham 109B,1505,552.4378052,1.719739318,1.862292528,5203.045699,483456.3631,3113
E01009497,383078,638564.0754,Birmingham 109C,1807,353.3835449,1.666929603,1.191271663,4724.969046,383077.9845,4717
E01009498,438721.1875,861427.2431,Birmingham 119D,1625,530.1090698,1.963495851,1.787021279,4192.339742,438721.1908,3704
E01009499,286315.25,384780.8759,Birmingham 119E,1756,219.1235046,1.343906283,0.738675117,2688.600825,286315.2546,6133
E01009500,359401.5625,912215.4815,Birmingham 095E,1607,567.6511841,2.538151026,1.913577437,2779.986469,359401.5518,4471
E01009501,280689.2813,700145.2901,Birmingham 101B,1546,452.8753357,2.494378328,1.526662946,4170.957717,280689.2939,5508
E01009502,242020.7969,630426.2178,Birmingham 101C,1539,409.633667,2.60484314,1.38089335,3515.824525,242020.7951,6359
E01009503,249176.2656,683998.4008,Birmingham 101D,1590,430.1876831,2.745038271,1.450181842,3031.673697,249176.2721,6381
E01009504,461542.6875,968939.8938,Birmingham 109D,1422,681.392334,2.099350452,2.297003984,4492.371934,461542.6845,3081
E01009505,337469.7188,674939.4668,Birmingham 101E,1646,410.0482788,2,1.382290959,4308.736789,337469.7334,4877
E01009506,377431.2813,583089.2912,Birmingham 109E,1509,386.4077454,1.544888616,1.302597761,3379.720522,377431.2815,3998
E01009507,210978.1719,269395.861,Birmingham 056B,1580,170.5037079,1.276889682,0.574775577,3566.137931,210978.1677,7489
E01009508,280075.6875,286077.9811,Birmingham 056C,1647,173.6964111,1.021430969,0.585538328,3314.278872,280075.6991,5881
E01009509,315189.5625,433560.8134,Birmingham 056D,1973,219.746994,1.375555754,0.740776896,5117.203267,315189.5572,6260
E01009510,259483.7969,405381.1295,Birmingham 056E,1559,260.0263672,1.562259912,0.876560509,2645.553936,259483.7904,6008
E01009511,210859.8125,219657.6484,Birmingham 054F,1557,141.0774841,1.041723609,0.475578487,3083.380819,210859.8101,7384
E01009512,382571.25,630889.7138,Birmingham 062A,1912,329.9632263,1.649077654,1.112320781,3782.181809,382571.2569,4998
E01009513,394317.5938,753405.3516,Birmingham 066F,1793,420.1925964,1.910656214,1.416487932,3421.302435,394317.6059,4547
E01009514,294089.8125,456957.8001,Birmingham 062B,1624,281.3779602,1.553803563,0.948537588,4397.713482,294089.8036,5522
E01009515,331028.9375,482090.3492,Birmingham 067C,1551,310.8255005,1.456339002,1.047806621,2953.93198,331028.9442,4685
E01009516,217047.75,378662.9233,Birmingham 062C,1432,264.4294128,1.744606495,0.891403317,3393.010609,217047.7482,6598
E01009517,352129.0938,881991.5591,Birmingham 062D,1720,512.7857666,2.504739285,1.728623748,3934.909791,352129.0918,4885
E01009518,383818.4375,797791.8064,Birmingham 067D,1631,489.1427307,2.078565598,1.648921967,4320.122898,383818.4337,4249
E01009519,232214.4688,471637.237,Birmingham 072C,1477,319.3210754,2.031041622,1.07644558,2667.061888,232214.4673,6360
E01009520,312328.9063,817142.5504,Birmingham 072D,1756,465.3431396,2.616288662,1.568692446,3316.678937,312328.9203,5622
E01009521,267595.1875,589511.4688,Birmingham 067E,1698,347.1799011,2.202997208,1.170358896,3613.1762,267595.1925,6345
E01032589,241395.2969,122477.5254,Birmingham 132E,1543,79.37622833,0.507373273,0.267580807,2871.574771,241395.2919,6392
E01032591,1682079.375,237061.4624,Birmingham 133F,1697,139.6944427,0.140933573,0.470916182,6449.712158,1682079.328,1009
E01033557,144996.8594,0,Birmingham 134B,2238,0,0,0,2098.841183,144996.8559,15435
E01033559,376783.3438,18013.60602,Birmingham 049E,1685,10.69056702,0.047808923,0.03603838,2821.496494,376783.3514,4472
E01033561,1326963.5,892592.2707,Birmingham 050E,3524,253.2895203,0.672657728,0.853850245,9466.517031,1326963.442,2656
E01033562,1067180.875,1489879.502,Birmingham 087F,2712,549.3656006,1.396089077,1.851935863,7997.294918,1067180.905,2541
E01033564,93893.39844,0,Birmingham 136C,1476,0,0,0,1677.53384,93893.39887,15720
E01033565,164046.2188,0,Birmingham 137B,1111,0,0,0,2528.985172,164046.2179,6772
E01033567,75098.03906,0,Birmingham 135B,1621,0,0,0,1424.913787,75098.04269,21585
E01033615,384156.0313,0,Birmingham 135C,1209,0,0,0,4423.508416,384156.0466,3147
E01033616,124525.4063,0,Birmingham 135D,1191,0,0,0,1979.49519,124525.4041,9564
E01033617,424160.4375,250795.5351,Birmingham 050F,3705,67.69110107,0.591275156,0.228189722,3674.540074,424160.4446,8735
E01033618,60728.68359,0,Birmingham 137C,1439,0,0,0,1457.052495,60728.68354,23696
E01033619,214907.7656,0,Birmingham 137D,1327,0,0,0,3213.106788,214907.7716,6175
E01033620,539100.8125,51030.18705,Birmingham 138A,1162,43.91582489,0.094657965,0.148042202,4153.227003,539100.8235,2155
E01033621,387329.875,1307666.367,Birmingham 035G,2973,439.8474121,3.37610507,1.482745171,3775.383996,387329.8895,7676
E01033622,179621.5469,0,Birmingham 138B,2095,0,0,0,4184.230585,179621.5392,11663
E01033623,225074.2344,0,Birmingham 138C,1625,0,0,0,3172.621742,225074.2278,7220
E01033624,153133.0938,0,Birmingham 134C,1289,0,0,0,2483.515294,153133.1012,8418
E01033625,173763.9219,0,Birmingham 138D,1927,0,0,0,2234.904202,173763.9203,11090
E01033626,60688.26563,0,Birmingham 134D,1318,0,0,0,1173.618151,60688.26375,21718
E01033627,310438.375,0,Birmingham 137E,1003,0,0,0,3628.91009,310438.388,3231
E01033628,378136.8125,618945.3871,Birmingham 041F,2614,236.7809448,1.636829257,0.798199117,4854.174918,378136.8105,6913
E01033629,935576.125,1864857.644,Birmingham 106F,2635,707.7258911,1.993271947,2.385775328,6069.037061,935576.1195,2816
E01033630,148960.4844,297920.9616,Birmingham 031H,1289,231.1256561,2,0.77913487,1937.197034,148960.4808,8653
E01033631,2975145,3313783.247,Birmingham 079F,5701,581.2634888,1.11382246,1.959465146,11444.51788,2975145.079,1916
E01033632,453630.9688,903098.9337,Birmingham 023F,2501,361.0951233,1.990822911,1.217267752,4261.572841,453630.9571,5513
E01033633,680512.4375,0,Birmingham 125G,2760,0,0,0,7902.522083,680512.4671,4056
E01033634,216438.4063,407530.3183,Birmingham 096G,4260,95.66439056,1.882892847,0.322488934,2783.00122,216438.4094,19682
E01033635,397683.9375,366936.9915,Birmingham 039H,3058,119.9924774,0.922684968,0.404499978,3533.294024,397683.9243,7690
E01033636,250702.8438,270184.5118,Birmingham 037F,3305,81.75022888,1.077708244,0.275583655,2615.986074,250702.8389,13183
E01033637,311286.6563,311517.5432,Birmingham 041G,2893,107.6797562,1.00074172,0.36299327,3446.705974,311286.6503,9294
E01033638,338590.9688,536189.5842,Birmingham 049F,1836,292.0422668,1.583590865,0.984487474,4331.298855,338590.9646,5422
E01033639,241748.2031,76816.34411,Birmingham 136D,1893,40.57915878,0.317753524,0.13679415,3829.526321,241748.2026,7830
E01033640,273894.0938,73618.21751,Birmingham 134E,1347,54.65346527,0.26878351,0.184239268,2843.548842,273894.1038,4918
E01033641,608325.75,1359600.346,Birmingham 140G,3268,416.0343628,2.234987259,1.40247035,5211.562866,608325.7321,5372
E01033642,238811.2188,312891.0649,Birmingham 063F,3163,98.92224884,1.310202479,0.333471298,4004.09504,238811.2189,13245
E01033643,221849.7969,453409.8,Birmingham 082F,3186,142.3131866,2.04376936,0.479744077,2430.111363,221849.8005,14361
E01033644,631888.6875,809959.9343,Birmingham 052F,3140,257.9490356,1.281807899,0.869557619,3716.885858,631888.6669,4969
E01033645,347799.6563,789602.8093,Birmingham 088E,3518,224.4465027,2.2702806,0.756619155,3427.810556,347799.6659,10115
E01033646,290532.2813,581064.5313,Birmingham 031I,1891,307.2789612,1.999999881,1.035851121,4234.574366,290532.2657,6509
E01033647,146803.1875,185170.2696,Birmingham 058E,1581,117.1222458,1.261350513,0.394824296,2862.792564,146803.1867,10770
E01033648,228043.1094,454297.1529,Birmingham 084F,2708,167.7611389,1.992154717,0.565530241,3185.946499,228043.1141,11875
E01033649,146018.7188,146018.7124,Birmingham 058F,1881,77.62823486,0.99999994,0.261688232,2061.188314,146018.7124,12882
E01033650,224613.9531,533415.6299,Birmingham 077F,2614,204.0610657,2.374810696,0.687898934,3380.433952,224613.9475,11638
